"","ensembl_gene_id","external_gene_name","chromosome_name","start_position","end_position","description","baseMean","log2FoldChange","lfcSE","stat","pvalue","padj"
"5","ENSG00000203812","HIST2H2AA3","1",149842188,149842736,"histone cluster 2 H2A family member a3 [Source:HGNC Symbol;Acc:HGNC:4736]",36.9448957601577,-23.9832090787933,4.56737287111484,-5.2509855787052,1.51287525599383e-07,0.0006132187704295
"1","ENSG00000100362","PVALB","22",36800684,36819479,"parvalbumin [Source:HGNC Symbol;Acc:HGNC:9704]",12.6356121117912,-3.73915145101288,0.733789628934253,-5.09567225206436,3.47505883028113e-07,0.00105641788440546
"8","ENSG00000274665","PVALB","CHR_HSCHR22_1_CTG5",36800684,36819479,"parvalbumin [Source:HGNC Symbol;Acc:HGNC:9704]",12.6356121117912,-3.73915145101288,0.733789628934253,-5.09567225206436,3.47505883028113e-07,0.00105641788440546
"6","ENSG00000248746","ACTN3","11",66546395,66563334,"actinin alpha 3 (gene/pseudogene) [Source:HGNC Symbol;Acc:HGNC:165]",29.506085864772,-3.11729028167981,0.552474157051983,-5.64241827765076,1.67678131988218e-08,8.3266529633799e-05
"3","ENSG00000168530","MYL1","2",210290150,210315174,"myosin light chain 1 [Source:HGNC Symbol;Acc:HGNC:7582]",20.3839242317997,-2.56568312274368,0.58547422747363,-4.38223068129714,1.17470332537214e-05,0.025972125168551
"7","ENSG00000264424","MYH4","17",10443290,10469559,"myosin heavy chain 4 [Source:HGNC Symbol;Acc:HGNC:7574]",141.15828610942,-2.4617501321596,0.403365739661795,-6.10302236928619,1.04081268726603e-09,1.2656282277155e-05
"4","ENSG00000196296","ATP2A1","16",28878405,28904509,"ATPase sarcoplasmic/endoplasmic reticulum Ca2+ transporting 1 [Source:HGNC Symbol;Acc:HGNC:811]",250.830448964138,-1.6212442546008,0.279056683007849,-5.80973097338506,6.25733111775106e-09,5.07260975945686e-05
"2","ENSG00000101470","TNNC2","20",45823214,45833745,"troponin C2, fast skeletal type [Source:HGNC Symbol;Acc:HGNC:11944]",76.6838074377212,-1.57661155380689,0.37831993076962,-4.16740283970653,3.08089760328446e-05,0.0576364843937523
