"","ensembl_gene_id","external_gene_name","chromosome_name","start_position","end_position","description","baseMean","log2FoldChange","lfcSE","stat","pvalue","padj"
"1","ENSG00000129991","TNNI3",19,55151767,55157773,"troponin I3, cardiac type [Source:NCBI gene;Acc:7137]",10.5846717343378,6.56817744681387,1.16480794053554,5.63885016425456,1.71189411253699e-08,8.3266529633799e-05
"2","ENSG00000143546","S100A8",1,153390032,153391073,"S100 calcium binding protein A8 [Source:HGNC Symbol;Acc:HGNC:10498]",13.4573929017386,3.32055399978508,0.51951506059832,6.39164145878818,1.6411435602844e-10,3.99126113861167e-06
