"","ensembl_gene_id","external_gene_name","chromosome_name","start_position","end_position","description","baseMean","log2FoldChange","lfcSE","stat","pvalue","padj"
"1","ENSG00000117601","SERPINC1",1,173903804,173917378,"serpin family C member 1 [Source:HGNC Symbol;Acc:HGNC:775]",9.84670561832301,-4.41488315019772,0.532844614002633,-8.2854983126017,1.17615578375168e-16,3.37286194106468e-12
"3","ENSG00000145321","GC",4,71741696,71804041,"GC, vitamin D binding protein [Source:HGNC Symbol;Acc:HGNC:4187]",3.33487566652964,-4.02240913668138,0.827597086327447,-4.86034714613516,1.17180090393306e-06,0.0168018672610442
"2","ENSG00000143546","S100A8",1,153390032,153391073,"S100 calcium binding protein A8 [Source:HGNC Symbol;Acc:HGNC:10498]",13.4573929017386,-3.72370586433241,0.819348495913266,-4.54471556719204,5.50094849683744e-06,0.0394376750109518
"4","ENSG00000158104","HPD",12,121839527,121863596,"4-hydroxyphenylpyruvate dioxygenase [Source:HGNC Symbol;Acc:HGNC:5147]",6.38490492477831,-3.1206764780278,0.700379193730694,-4.45569558028268,8.36216209701131e-06,0.0446707886403597
"5","ENSG00000163220","S100A9",1,153357854,153361023,"S100 calcium binding protein A9 [Source:HGNC Symbol;Acc:HGNC:10499]",10.193090843353,-3.01685217363816,0.680733240957101,-4.43176855796921,9.34633092171978e-06,0.0446707886403597
