"","ensembl_gene_id","external_gene_name","chromosome_name","start_position","end_position","description","baseMean","log2FoldChange","lfcSE","stat","pvalue","padj"
"2","ENSG00000234475","HSPA1A","CHR_HSCHR6_MHC_DBB_CTG1",31797650,31800132,"heat shock protein family A (Hsp70) member 1A [Source:HGNC Symbol;Acc:HGNC:5232]",27.1618802512846,22.1556848557281,3.21461720010593,6.8921689509401,5.49480566534425e-12,7.87872710325385e-08
"1","ENSG00000203812","HIST2H2AA3","1",149842188,149842736,"histone cluster 2 H2A family member a3 [Source:HGNC Symbol;Acc:HGNC:4736]",36.9448957601577,20.9545902805638,2.84919860536229,7.3545558533991,1.91562994732628e-13,5.49345199994756e-09
