"","ensembl_gene_id","external_gene_name","chromosome_name","start_position","end_position","description","baseMean","log2FoldChange","lfcSE","stat","pvalue","padj"
"1","ENSG00000011677","GABRA3","X",152166234,152451315,"gamma-aminobutyric acid type A receptor alpha3 subunit [Source:HGNC Symbol;Acc:HGNC:4077]",6.97554382569863,6.63967003121956,1.61318047188766,4.11588792880077,3.85691692401868e-05,0.0395154913569014
"4","ENSG00000177464","GPR4","19",45589764,45602212,"G protein-coupled receptor 4 [Source:HGNC Symbol;Acc:HGNC:4497]",12.2704336706149,3.4383143390284,0.863179358902986,3.983313900599,6.79608939789038e-05,0.0628901343733165
"3","ENSG00000121101","TEX14","17",58556678,58692055,"testis expressed 14, intercellular bridge forming factor [Source:HGNC Symbol;Acc:HGNC:11737]",98.7928614169119,3.37647932717897,0.721785353371548,4.6779548953259,2.89750259244277e-06,0.00377821167588207
"2","ENSG00000092054","MYH7","14",23412740,23435660,"myosin heavy chain 7 [Source:HGNC Symbol;Acc:HGNC:7577]",78.682339676403,2.24435744617942,0.399757965627811,5.61429074378719,1.97370114602002e-08,4.35535113660587e-05
"5","ENSG00000226642","ACTG1P12","3",12070195,12071360,"actin gamma 1 pseudogene 12 [Source:HGNC Symbol;Acc:HGNC:44496]",36.0179463341283,1.74685780105667,0.44003363964262,3.96982785787788,7.19245763176082e-05,0.0644781350257258
