"","ensembl_gene_id","external_gene_name","chromosome_name","start_position","end_position","description","baseMean","log2FoldChange","lfcSE","stat","pvalue","padj"
"4","ENSG00000255432","AP001458.2","11",62649694,62665178,"novel protein",0.314929077271974,-19.9379045098416,4.17664858160746,-4.77366101559066,1.80906786030758e-06,0.00864643983834008
"3","ENSG00000229767","DDR1","CHR_HSCHR6_MHC_APD_CTG1",30949136,30953340,"discoidin domain receptor tyrosine kinase 1 [Source:HGNC Symbol;Acc:HGNC:2730]",0.441937796800814,-17.4601960067033,4.19189462693914,-4.16522779329796,3.11041842042133e-05,0.081088608220384
"1","ENSG00000173200","PARP15","3",122577628,122639047,"poly(ADP-ribose) polymerase family member 15 [Source:HGNC Symbol;Acc:HGNC:26876]",42.4635592493514,-1.00451062033454,0.238677541733016,-4.20865161020549,2.56899131251276e-05,0.0736709638689283
"2","ENSG00000176971","FIBIN","11",26994184,26996121,"fin bud initiation factor homolog [Source:HGNC Symbol;Acc:HGNC:33747]",708.866698393782,-0.59470382514742,0.144516961813256,-4.1151143622566,3.869874959388e-05,0.0853664647772075
