"","ensembl_gene_id","external_gene_name","chromosome_name","start_position","end_position","description","baseMean","log2FoldChange","lfcSE","stat","pvalue","padj"
"6","ENSG00000240821","RPL9P25",15,66379337,66379915,"ribosomal protein L9 pseudogene 25 [Source:HGNC Symbol;Acc:HGNC:36112]",0.447113853510008,14.4059029911762,3.51602808681894,4.09720930420943,4.18160785262896e-05,0.0539380950679662
"1","ENSG00000101210","EEF1A2",20,63488014,63499185,"eukaryotic translation elongation factor 1 alpha 2 [Source:HGNC Symbol;Acc:HGNC:3192]",140.878771095316,1.53837059809161,0.38770302825916,3.96790967818616,7.25058016267403e-05,0.0801637953414122
"2","ENSG00000109610","SOD3",4,24789912,24800842,"superoxide dismutase 3 [Source:HGNC Symbol;Acc:HGNC:11181]",116.718658621956,0.787318700781666,0.200598188710445,3.92485448569094,8.67821801517927e-05,0.0890732224006814
"5","ENSG00000176971","FIBIN",11,26994184,26996121,"fin bud initiation factor homolog [Source:HGNC Symbol;Acc:HGNC:33747]",708.866698393782,0.594639649832598,0.144662341515269,4.11053522018262,3.94743061349723e-05,0.0539126141083404
"4","ENSG00000159164","SV2A",1,149903318,149917844,"synaptic vesicle glycoprotein 2A [Source:HGNC Symbol;Acc:HGNC:20566]",1251.15831760321,0.312022979380423,0.0740445845358085,4.21398784713994,2.50900791893379e-05,0.038355763070218
"3","ENSG00000118412","CASP8AP2",6,89829894,89874436,"caspase 8 associated protein 2 [Source:HGNC Symbol;Acc:HGNC:1510]",787.811626968261,0.294785559171031,0.0730351137536814,4.03621688281647,5.43200047517273e-05,0.0663790458066107
