"","ensembl_gene_id","external_gene_name","chromosome_name","start_position","end_position","description","baseMean","log2FoldChange","lfcSE","stat","pvalue","padj"
"5","ENSG00000203812","HIST2H2AA3","1",149842188,149842736,"histone cluster 2 H2A family member a3 [Source:HGNC Symbol;Acc:HGNC:4736]",36.9448957601577,-22.6081503834494,4.56799371774867,-4.94925163657883,7.4499376849044e-07,0.00324505487053254
"6","ENSG00000234475","HSPA1A","CHR_HSCHR6_MHC_DBB_CTG1",31797650,31800132,"heat shock protein family A (Hsp70) member 1A [Source:HGNC Symbol;Acc:HGNC:5232]",27.1618802512846,-22.0422880839583,4.69251866088803,-4.69732561058946,2.63590068143572e-06,0.0094848492853662
"1","ENSG00000100362","PVALB","22",36800684,36819479,"parvalbumin [Source:HGNC Symbol;Acc:HGNC:9704]",12.6356121117912,-3.26095307114814,0.738016714055036,-4.41853552778069,9.93719468469509e-06,0.0238408987203445
"9","ENSG00000274665","PVALB","CHR_HSCHR22_1_CTG5",36800684,36819479,"parvalbumin [Source:HGNC Symbol;Acc:HGNC:9704]",12.6356121117912,-3.26095307114814,0.738016714055036,-4.41853552778069,9.93719468469509e-06,0.0238408987203445
"7","ENSG00000248746","ACTN3","11",66546395,66563334,"actinin alpha 3 (gene/pseudogene) [Source:HGNC Symbol;Acc:HGNC:165]",29.506085864772,-2.39811594671433,0.554272957201096,-4.3265974202026,1.51430361539116e-05,0.032693815056295
"3","ENSG00000168530","MYL1","2",210290150,210315174,"myosin light chain 1 [Source:HGNC Symbol;Acc:HGNC:7582]",20.3839242317997,-2.33339408568392,0.586506568317095,-3.97846198445704,6.93624986755379e-05,0.0945750776082195
"8","ENSG00000264424","MYH4","17",10443290,10469559,"myosin heavy chain 4 [Source:HGNC Symbol;Acc:HGNC:7574]",141.15828610942,-2.25814850583135,0.403672817060821,-5.59400685503952,2.21888187793573e-08,0.000479056597446323
"2","ENSG00000130595","TNNT3","11",1919703,1938706,"troponin T3, fast skeletal type [Source:HGNC Symbol;Acc:HGNC:11950]",66.0175725236441,-1.72317072004418,0.433394494876161,-3.97598663669357,7.00880612196161e-05,0.0945750776082195
"4","ENSG00000196296","ATP2A1","16",28878405,28904509,"ATPase sarcoplasmic/endoplasmic reticulum Ca2+ transporting 1 [Source:HGNC Symbol;Acc:HGNC:811]",250.830448964138,-1.38244618242167,0.279306007844276,-4.94957553219707,7.437550988757e-07,0.00324505487053254
