"","ensembl_gene_id","external_gene_name","chromosome_name","start_position","end_position","description","baseMean","log2FoldChange","lfcSE","stat","pvalue","padj"
"3","ENSG00000285089","VARS2","CHR_HSCHR6_MHC_MANN_CTG1",30958848,30971101,"valyl-tRNA synthetase 2, mitochondrial [Source:NCBI gene;Acc:57176]",16.688215504488,16.9496797632043,4.42020090063648,3.83459488476274,0.000125771414769183,0.08800011159716
"1","ENSG00000079841","RIMS1","6",71886703,72403143,"regulating synaptic membrane exocytosis 1 [Source:HGNC Symbol;Acc:HGNC:17282]",152.441675916312,2.91906575589228,0.651051823306169,4.48361505397327,7.33890035941517e-06,0.0075189655218051
"2","ENSG00000092054","MYH7","14",23412740,23435660,"myosin heavy chain 7 [Source:HGNC Symbol;Acc:HGNC:7577]",78.682339676403,1.92934200922257,0.395985031560646,4.87225994785383,1.10328870565412e-06,0.00166579174205788
