"","ensembl_gene_id","external_gene_name","chromosome_name","start_position","end_position","description","baseMean","log2FoldChange","lfcSE","stat","pvalue","padj"
"3","ENSG00000255432","AP001458.2",11,62649694,62665178,"novel protein",0.314929077271974,18.2012801525673,4.1766462865014,4.35786966480557,1.3133455196288e-05,0.0591902936604707
"1","ENSG00000173200","PARP15",3,122577628,122639047,"poly(ADP-ribose) polymerase family member 15 [Source:HGNC Symbol;Acc:HGNC:26876]",42.4635592493514,1.0045109043838,0.23867753730805,4.20865287832816,2.56897689714492e-05,0.0694677042756957
"2","ENSG00000176971","FIBIN",11,26994184,26996121,"fin bud initiation factor homolog [Source:HGNC Symbol;Acc:HGNC:33747]",708.866698393782,0.594704046160715,0.144516961985043,4.11511588668922,3.86984938298518e-05,0.0872038309710852
