"","ensembl_gene_id","external_gene_name","chromosome_name","start_position","end_position","description","baseMean","log2FoldChange","lfcSE","stat","pvalue","padj"
"2","ENSG00000234475","HSPA1A","CHR_HSCHR6_MHC_DBB_CTG1",31797650,31800132,"heat shock protein family A (Hsp70) member 1A [Source:HGNC Symbol;Acc:HGNC:5232]",27.1618802512846,-23.2684502465435,4.69186899336517,-4.95931371473665,7.07426474433536e-07,0.000921152496356515
"3","ENSG00000285089","VARS2","CHR_HSCHR6_MHC_MANN_CTG1",30958848,30971101,"valyl-tRNA synthetase 2, mitochondrial [Source:NCBI gene;Acc:57176]",16.688215504488,-20.1162642175275,4.36327417706573,-4.61035988140804,4.01972497817954e-06,0.00444903160584912
"1","ENSG00000092054","MYH7","14",23412740,23435660,"myosin heavy chain 7 [Source:HGNC Symbol;Acc:HGNC:7577]",78.682339676403,-2.15427390315501,0.394733864295963,-5.45753505845595,4.827898478678e-08,9.71548733854693e-05
