"","ensembl_gene_id","external_gene_name","chromosome_name","start_position","end_position","description","baseMean","log2FoldChange","lfcSE","stat","pvalue","padj"
"1","ENSG00000086967","MYBPC2","19",50432892,50466321,"myosin binding protein C, fast type [Source:HGNC Symbol;Acc:HGNC:7550]",7.41335975705317,-4.94841108098118,1.20303446693843,-4.11327457107214,3.9008595617234e-05,0.0630834005456703
"2","ENSG00000100362","PVALB","22",36800684,36819479,"parvalbumin [Source:HGNC Symbol;Acc:HGNC:9704]",12.6356121117912,-4.03657670716409,0.873804137721684,-4.61954405215896,3.8458422414558e-06,0.0093290518172114
"8","ENSG00000274665","PVALB","CHR_HSCHR22_1_CTG5",36800684,36819479,"parvalbumin [Source:HGNC Symbol;Acc:HGNC:9704]",12.6356121117912,-4.03657670716409,0.873804137721684,-4.61954405215896,3.8458422414558e-06,0.0093290518172114
"6","ENSG00000248746","ACTN3","11",66546395,66563334,"actinin alpha 3 (gene/pseudogene) [Source:HGNC Symbol;Acc:HGNC:165]",29.506085864772,-2.95221683078551,0.598844365640319,-4.92985657071154,8.22900101691425e-07,0.00532306645780793
"7","ENSG00000264424","MYH4","17",10443290,10469559,"myosin heavy chain 4 [Source:HGNC Symbol;Acc:HGNC:7574]",141.15828610942,-2.38769774886431,0.405960145650202,-5.88160629669711,4.06303877665239e-09,7.88473304997163e-05
"3","ENSG00000130595","TNNT3","11",1919703,1938706,"troponin T3, fast skeletal type [Source:HGNC Symbol;Acc:HGNC:11950]",66.0175725236441,-1.88640115038717,0.436365605520305,-4.3229831281911,1.53933509656191e-05,0.0331158852711094
"4","ENSG00000130598","TNNI2","11",1838981,1841680,"troponin I2, fast skeletal type [Source:HGNC Symbol;Acc:HGNC:11946]",37.1472698939348,-1.87602009185885,0.43842216131861,-4.27902660352863,1.87712428105845e-05,0.0331158852711094
"5","ENSG00000143546","S100A8","1",153390032,153391073,"S100 calcium binding protein A8 [Source:HGNC Symbol;Acc:HGNC:10498]",13.4573929017386,-1.87330404113903,0.404675475734785,-4.62915139035198,3.67167275620376e-06,0.0093290518172114
