"","ensembl_gene_id","external_gene_name","chromosome_name","start_position","end_position","description","baseMean","log2FoldChange","lfcSE","stat","pvalue","padj"
"2","ENSG00000180921","FAM83H",8,143723933,143738234,"family with sequence similarity 83 member H [Source:HGNC Symbol;Acc:HGNC:24797]",80.6657657097974,6.71618013122589,1.42372505246687,4.71732945879462,2.38960559296715e-06,0.00927453722742411
"3","ENSG00000198626","RYR2",1,237042184,237833988,"ryanodine receptor 2 [Source:HGNC Symbol;Acc:HGNC:10484]",4.79943964436604,5.79821593180869,1.45318637647729,3.99000157561641,6.60728563407956e-05,0.0986315269345754
"1","ENSG00000129991","TNNI3",19,55151767,55157773,"troponin I3, cardiac type [Source:NCBI gene;Acc:7137]",10.5846717343378,5.63547999539778,1.16852236566737,4.82274037791243,1.41599226248237e-06,0.00686968646143322
"4","ENSG00000203685","STUM",1,226548764,226609230,"stum, mechanosensory transduction mediator homolog [Source:HGNC Symbol;Acc:HGNC:30491]",198.883922658356,2.29767607985854,0.535648731095933,4.28952025174691,1.79059486035485e-05,0.0331158852711094
