"","ensembl_gene_id","external_gene_name","chromosome_name","start_position","end_position","description","baseMean","log2FoldChange","lfcSE","stat","pvalue","padj"
"3","ENSG00000224200","FKBPL","CHR_HSCHR6_MHC_DBB_CTG1",32104478,32106062,"FKBP prolyl isomerase like [Source:HGNC Symbol;Acc:HGNC:13949]",0.687013246888691,-18.9593759075386,4.16392866871751,-4.55324224211028,5.28253854724592e-06,0.0216410511313388
"4","ENSG00000240821","RPL9P25","15",66379337,66379915,"ribosomal protein L9 pseudogene 25 [Source:HGNC Symbol;Acc:HGNC:36112]",0.447113853510008,-17.7055502112177,3.49360148709722,-5.06799366688183,4.02030778262279e-07,0.00290980702845589
"1","ENSG00000011677","GABRA3","X",152166234,152451315,"gamma-aminobutyric acid type A receptor alpha3 subunit [Source:HGNC Symbol;Acc:HGNC:4077]",6.97554382569863,-4.45274473921232,1.05946015191915,-4.20284305280046,2.63583350527543e-05,0.0755877974307835
"2","ENSG00000092054","MYH7","14",23412740,23435660,"myosin heavy chain 7 [Source:HGNC Symbol;Acc:HGNC:7577]",78.682339676403,-1.42356822435774,0.333476689000051,-4.26886877348578,1.96466803932772e-05,0.0626008726264455
