"","ensembl_gene_id","external_gene_name","chromosome_name","start_position","end_position","description","baseMean","log2FoldChange","lfcSE","stat","pvalue","padj"
"3","ENSG00000151224","MAT1A",10,80271820,80289658,"methionine adenosyltransferase 1A [Source:HGNC Symbol;Acc:HGNC:6903]",8.93971429286633,6.09477544194344,1.41394634804565,4.31047150435913,1.62906821238769e-05,0.0583959864083023
"6","ENSG00000256069","A2MP1",12,9228533,9275817,"alpha-2-macroglobulin pseudogene 1 [Source:HGNC Symbol;Acc:HGNC:8]",5.49072628184536,4.73581339718268,0.934789380635317,5.06618228157882,4.05873282206073e-07,0.00290980702845589
"4","ENSG00000198650","TAT",16,71565660,71577092,"tyrosine aminotransferase [Source:HGNC Symbol;Acc:HGNC:11573]",16.3712133207455,4.39558937232283,0.826516527158044,5.3182111039412,1.04792443727841e-07,0.00150256645439165
"2","ENSG00000124253","PCK1",20,57561080,57568121,"phosphoenolpyruvate carboxykinase 1 [Source:HGNC Symbol;Acc:HGNC:8724]",2.82437497630641,4.13327081769626,0.882402117733385,4.68411253172571,2.81175509236088e-06,0.0134387834639388
"1","ENSG00000117601","SERPINC1",1,173903804,173917378,"serpin family C member 1 [Source:HGNC Symbol;Acc:HGNC:775]",9.84670561832301,3.99382360563125,0.539792905848109,7.39880713948298,1.37413251722418e-13,3.94059981964378e-09
"5","ENSG00000244734","HBB",11,5225464,5229395,"hemoglobin subunit beta [Source:HGNC Symbol;Acc:HGNC:4827]",37.3871864890928,3.48318897685054,0.724688353523183,4.80646468225477,1.53622606173215e-06,0.00881087095445856
