"","ensembl_gene_id","external_gene_name","chromosome_name","start_position","end_position","description","baseMean","log2FoldChange","lfcSE","stat","pvalue","padj"
"1","ENSG00000086967","MYBPC2","19",50432892,50466321,"myosin binding protein C, fast type [Source:HGNC Symbol;Acc:HGNC:7550]",7.41335975705317,5.38364479018501,1.19813399904996,4.49335783347597,7.01088314212887e-06,0.0198776064287209
"2","ENSG00000100362","PVALB","22",36800684,36819479,"parvalbumin [Source:HGNC Symbol;Acc:HGNC:9704]",12.6356121117912,4.51477508702883,0.870236876032275,5.18798411257096,2.12582734499797e-07,0.000964360316784879
"9","ENSG00000274665","PVALB","CHR_HSCHR22_1_CTG5",36800684,36819479,"parvalbumin [Source:HGNC Symbol;Acc:HGNC:9704]",12.6356121117912,4.51477508702883,0.870236876032275,5.18798411257096,2.12582734499797e-07,0.000964360316784879
"7","ENSG00000248746","ACTN3","11",66546395,66563334,"actinin alpha 3 (gene/pseudogene) [Source:HGNC Symbol;Acc:HGNC:165]",29.506085864772,3.67139116575099,0.597179836720068,6.14788199466951,7.85244171047345e-10,8.90545414384794e-06
"8","ENSG00000264424","MYH4","17",10443290,10469559,"myosin heavy chain 4 [Source:HGNC Symbol;Acc:HGNC:7574]",141.15828610942,2.59129937519257,0.405654799744095,6.38794210453635,1.6813296560778e-10,3.81359192591566e-06
"5","ENSG00000168530","MYL1","2",210290150,210315174,"myosin light chain 1 [Source:HGNC Symbol;Acc:HGNC:7582]",20.3839242317997,2.34006529750929,0.576947551082614,4.05594112171595,4.99328376723528e-05,0.0982653413422734
"4","ENSG00000130598","TNNI2","11",1838981,1841680,"troponin I2, fast skeletal type [Source:HGNC Symbol;Acc:HGNC:11946]",37.1472698939348,2.01012739084803,0.43828859414545,4.58631006532867,4.51148444620405e-06,0.0170549150348001
"3","ENSG00000130595","TNNT3","11",1919703,1938706,"troponin T3, fast skeletal type [Source:HGNC Symbol;Acc:HGNC:11950]",66.0175725236441,1.82749803706243,0.437161580064322,4.18037201895358,2.91032572631346e-05,0.0733466756936022
"6","ENSG00000196296","ATP2A1","16",28878405,28904509,"ATPase sarcoplasmic/endoplasmic reticulum Ca2+ transporting 1 [Source:HGNC Symbol;Acc:HGNC:811]",250.830448964138,1.13568024316338,0.278897661950384,4.07203213975102,4.66047466481733e-05,0.0982653413422734
