"","ensembl_gene_id","external_gene_name","chromosome_name","start_position","end_position","description","baseMean","log2FoldChange","lfcSE","stat","pvalue","padj"
"7","ENSG00000240821","RPL9P25",15,66379337,66379915,"ribosomal protein L9 pseudogene 25 [Source:HGNC Symbol;Acc:HGNC:36112]",0.447113853510008,-16.3778240532773,3.51601758882706,-4.65806089972972,3.1920179377778e-06,0.00804104785392202
"1","ENSG00000101210","EEF1A2",20,63488014,63499185,"eukaryotic translation elongation factor 1 alpha 2 [Source:HGNC Symbol;Acc:HGNC:3192]",140.878771095316,-1.53836973036091,0.387703031801623,-3.96790740379882,7.2506493415624e-05,0.0747212372145012
"6","ENSG00000233259","FABP3P2",13,42369259,42369657,"fatty acid binding protein 3 pseudogene 2 [Source:HGNC Symbol;Acc:HGNC:3558]",14.7710916305126,-1.39817280441248,0.363213754008173,-3.84944895115678,0.00011838385196415,0.0994073589530074
"2","ENSG00000109610","SOD3",4,24789912,24800842,"superoxide dismutase 3 [Source:HGNC Symbol;Acc:HGNC:11181]",116.718658621956,-0.787318445657485,0.20059818937921,-3.92485320078907,8.67826433535446e-05,0.0833540675209183
"5","ENSG00000176971","FIBIN",11,26994184,26996121,"fin bud initiation factor homolog [Source:HGNC Symbol;Acc:HGNC:33747]",708.866698393782,-0.594639428344943,0.144662341328494,-4.11053369442334,3.94745669899518e-05,0.0471035464629572
"4","ENSG00000159164","SV2A",1,149903318,149917844,"synaptic vesicle glycoprotein 2A [Source:HGNC Symbol;Acc:HGNC:20566]",1251.15831760321,-0.312022920532158,0.0740445844660862,-4.21398705633996,2.50901670861789e-05,0.033291319228087
"3","ENSG00000118412","CASP8AP2",6,89829894,89874436,"caspase 8 associated protein 2 [Source:HGNC Symbol;Acc:HGNC:1510]",787.811626968261,-0.2947855067042,0.073035113800736,-4.03621616183789,5.43201715944272e-05,0.0615773465194426
