"","ensembl_gene_id","external_gene_name","chromosome_name","start_position","end_position","description","baseMean","log2FoldChange","lfcSE","stat","pvalue","padj"
"3","ENSG00000151224","MAT1A",10,80271820,80289658,"methionine adenosyltransferase 1A [Source:HGNC Symbol;Acc:HGNC:6903]",8.93971429286633,-6.09477670846931,1.41394857075802,-4.31046562407986,1.62911153474108e-05,0.0667400449739572
"6","ENSG00000256069","A2MP1",12,9228533,9275817,"alpha-2-macroglobulin pseudogene 1 [Source:HGNC Symbol;Acc:HGNC:8]",5.49072628184536,-4.73581429851332,0.934790945513697,-5.06617476478748,4.0588930121628e-07,0.00387989583032642
"4","ENSG00000198650","TAT",16,71565660,71577092,"tyrosine aminotransferase [Source:HGNC Symbol;Acc:HGNC:11573]",16.3712133207455,-4.3955844298315,0.826516861200262,-5.31820297464744,1.04797124814147e-07,0.00150263357414765
"2","ENSG00000124253","PCK1",20,57561080,57568121,"phosphoenolpyruvate carboxykinase 1 [Source:HGNC Symbol;Acc:HGNC:8724]",2.82437497630641,-4.13327135820072,0.882403184128807,-4.68410748345325,2.81182438384551e-06,0.0161269375711075
"1","ENSG00000117601","SERPINC1",1,173903804,173917378,"serpin family C member 1 [Source:HGNC Symbol;Acc:HGNC:775]",9.84670561832301,-3.99382363342924,0.539793247448328,-7.39880250875414,1.37418042954617e-13,3.94073721780957e-09
"5","ENSG00000244734","HBB",11,5225464,5229395,"hemoglobin subunit beta [Source:HGNC Symbol;Acc:HGNC:4827]",37.3871864890928,-3.48318339123262,0.724688553449061,-4.80645564864363,1.53629544472217e-06,0.0110140861170744
