"","ensembl_gene_id","external_gene_name","chromosome_name","start_position","end_position","description","baseMean","log2FoldChange","lfcSE","stat","pvalue","padj"
"3","ENSG00000224200","FKBPL","CHR_HSCHR6_MHC_DBB_CTG1",32104478,32106062,"FKBP prolyl isomerase like [Source:HGNC Symbol;Acc:HGNC:13949]",0.687013246888691,17.4363899485088,4.16387665987152,4.18753756962791,2.81997351627334e-05,0.0808683805261706
"4","ENSG00000240821","RPL9P25","15",66379337,66379915,"ribosomal protein L9 pseudogene 25 [Source:HGNC Symbol;Acc:HGNC:36112]",0.447113853510008,15.8036188083687,3.49360102539304,4.52359004176521,6.07994363815723e-06,0.0290590906185725
"1","ENSG00000011677","GABRA3","X",152166234,152451315,"gamma-aminobutyric acid type A receptor alpha3 subunit [Source:HGNC Symbol;Acc:HGNC:4077]",6.97554382569863,4.45274373994909,1.05945896261139,4.20284682756736,2.63578953473168e-05,0.0808683805261706
"2","ENSG00000092054","MYH7","14",23412740,23435660,"myosin heavy chain 7 [Source:HGNC Symbol;Acc:HGNC:7577]",78.682339676403,1.42356883317414,0.333476684758765,4.26887065344294,1.96465148315856e-05,0.0704253882281726
