"","ensembl_gene_id","external_gene_name","chromosome_name","start_position","end_position","description","baseMean","log2FoldChange","lfcSE","stat","pvalue","padj"
"2","ENSG00000180921","FAM83H",8,143723933,143738234,"family with sequence similarity 83 member H [Source:HGNC Symbol;Acc:HGNC:24797]",80.6657657097974,-6.29252327865571,1.42412746350984,-4.41851129192287,9.93830886906442e-06,0.0238408987203445
"1","ENSG00000129991","TNNI3",19,55151767,55157773,"troponin I3, cardiac type [Source:NCBI gene;Acc:7137]",10.5846717343378,-5.95279966301342,1.16480794053554,-5.11054179479281,3.21236233705849e-07,0.00324505487053254
