"","ensembl_gene_id","external_gene_name","chromosome_name","start_position","end_position","description","baseMean","log2FoldChange","lfcSE","stat","pvalue","padj"
"1","ENSG00000117601","SERPINC1",1,173903804,173917378,"serpin family C member 1 [Source:HGNC Symbol;Acc:HGNC:775]",9.84670561832301,4.41488329992803,0.532844259436185,8.28550410695898,1.17609851875557e-16,3.37269772223534e-12
"3","ENSG00000145321","GC",4,71741696,71804041,"GC, vitamin D binding protein [Source:HGNC Symbol;Acc:HGNC:4187]",3.33487566652964,4.02240907687928,0.827596131755826,4.86035267993018,1.1717681477281e-06,0.0168013975861994
"2","ENSG00000143546","S100A8",1,153390032,153391073,"S100 calcium binding protein A8 [Source:HGNC Symbol;Acc:HGNC:10498]",13.4573929017386,3.72370612472268,0.819348040288845,4.54471841222682,5.50087420001096e-06,0.0446703112538209
"4","ENSG00000158104","HPD",12,121839527,121863596,"4-hydroxyphenylpyruvate dioxygenase [Source:HGNC Symbol;Acc:HGNC:5147]",6.38490492477831,3.12067726479422,0.700378810384008,4.4556991424158,8.36202323797733e-06,0.0446703112538209
"5","ENSG00000163220","S100A9",1,153357854,153361023,"S100 calcium binding protein A9 [Source:HGNC Symbol;Acc:HGNC:10499]",10.193090843353,3.01685262100495,0.680732988030921,4.43177086177571,9.34623103961102e-06,0.0446703112538209
