"","ensembl_gene_id","external_gene_name","chromosome_name","start_position","end_position","description","baseMean","log2FoldChange","lfcSE","stat","pvalue","padj"
"9","ENSG00000285089","VARS2","CHR_HSCHR6_MHC_MANN_CTG1",30958848,30971101,"valyl-tRNA synthetase 2, mitochondrial [Source:NCBI gene;Acc:57176]",16.688215504488,-22.6129061158758,4.35776219371974,-5.18910971059063,2.11301882457759e-07,0.00151540427551643
"7","ENSG00000234475","HSPA1A","CHR_HSCHR6_MHC_DBB_CTG1",31797650,31800132,"heat shock protein family A (Hsp70) member 1A [Source:HGNC Symbol;Acc:HGNC:5232]",27.1618802512846,-22.1920711623094,4.69296590939919,-4.72879445338876,2.25856892075912e-06,0.00809894582872712
"6","ENSG00000203812","HIST2H2AA3","1",149842188,149842736,"histone cluster 2 H2A family member a3 [Source:HGNC Symbol;Acc:HGNC:4736]",36.9448957601577,-21.0711790474874,4.5728286059101,-4.6079092096857,4.06738180076665e-06,0.0129645535242881
"3","ENSG00000146678","IGFBP1","7",45888360,45893660,"insulin like growth factor binding protein 1 [Source:HGNC Symbol;Acc:HGNC:5469]",18.9552109963461,-6.4487845945703,1.32196478933932,-4.87818181435319,1.07068210181796e-06,0.00438780820783597
"4","ENSG00000196565","HBG2","11",5253188,5505605,"hemoglobin subunit gamma 2 [Source:HGNC Symbol;Acc:HGNC:4832]",5.78668370061645,-5.21099360449776,1.03757639991005,-5.02227460546472,5.10631046183647e-07,0.00244141213697838
"8","ENSG00000244734","HBB","11",5225464,5229395,"hemoglobin subunit beta [Source:HGNC Symbol;Acc:HGNC:4827]",37.3871864890928,-3.96376569580066,0.272254466530965,-14.5590474467012,5.11657804061076e-48,1.46779274251001e-43
"5","ENSG00000198650","TAT","16",71565660,71577092,"tyrosine aminotransferase [Source:HGNC Symbol;Acc:HGNC:11573]",16.3712133207455,-3.52911061536193,0.605661683453338,-5.82686788974297,5.6477285026221e-09,8.10081937773601e-05
"2","ENSG00000131482","G6PC","17",42900797,42913369,"glucose-6-phosphatase catalytic subunit [Source:HGNC Symbol;Acc:HGNC:4056]",9.86570292245402,-3.0916100162965,0.581059755181208,-5.32064041388025,1.03402604667588e-07,0.000988770173366367
"1","ENSG00000063180","CA11","19",48637946,48646187,"carbonic anhydrase 11 [Source:HGNC Symbol;Acc:HGNC:1370]",65.5095072831681,-2.55082301537657,0.503858786041465,-5.06257524140235,4.13630734655371e-07,0.00237316497701172
